{
    "pictures": {
      "picture": [
        {
          "image": "Debbadwar1.jpg",
          "title": "Debbadwar Pursuing masters in CIS-IT major.",
          "width": "463",
          "height": "339"
        },
        {
          "image": "Debbadwar2.jpg",
          "title": "Debbadwar Pursuing masters in CIS-IT major. Currently in third semister.",
          "width": "463",
          "height": "339"
        },
        {
          "image": "Debbadwar3.jpg",
          "title": "Debbadwar Pursuing masters in CIS-IT major. Currently in third semister. I will be graduating in May 2023.",
          "width": "463",
          "height": "339"
        }
      ]
    }
  }