<?xml version="1.0"?>
<pictures>
    <picture>
    <image>Debbadwar1.jpg</image>
    <title>Debbadwar Pursuing masters in CIS-IT major. </title>
        <width>463</width> 
        <height>400</height>
    </picture>


 
    <picture>
    <image>Debbadwar2.jpg</image>
    <title>Debbadwar Pursuing masters in CIS-IT major. Currently in third semister.</title> 
        <width>463</width> 
        <height>400</height>
    </picture> 



    <picture>
    <image>Debbadwar3.jpg</image>
    <title>Debbadwar Pursuing masters in CIS-IT major. Currently in third semister. I will be graduating in May 2023.</title>
     <width>463</width> 
     <height>400</height>
    </picture> 

</pictures>