<?xml version="1.0"?>
<pictures>
    <picture>
    <image>Debbadwar1.jpg</image>
    <title>Debbadwar (r. 1479-1458 BCE) was the first female ruler of ancient Egypts/titles </title>
        <width>463</width> 
        <height>339</height>
    </picture>


 
    <picture>
    <image>Debbadwar2.jpg</image>
    <title>cleopatra, (born 70/69 BCE-died August 30 BCE, Alexandria), Egyptian queen</title> 
        <width>341</width> 
        <height>338</height>
    </picture> 



    <picture>
    <image>Debbadwar3. jpg</image>
    <title>Inanna is an ancient Mesopotamian goddess of love, war, and fertility</title>
     <width>460</width> 
     <height>287</height>
    </picture> 

</pictures>