{
    "pictures": {
      "picture": [
        {
          "image": "Debbadwar1.jpg",
          "title": "Debbadwar1, (r. 1479-1458 BCE) was the first male ruler of ancient Egypts/titles ",
          "width": "463",
          "height": "339"
        },
        {
          "image": "Debbadwar2.jpg",
          "title": "Debbadwar2, (born 70/69 BCE-died August 30 BCE, Alexandria), Egyptian king",
          "width": "341",
          "height": "338"
        },
        {
          "image": "Debbadwar3. jpg",
          "title": "Debbadwar3, is an ancient Mesopotamian god of love, war",
          "width": "460",
          "height": "287"
        }
      ]
    }
  }